Cause,Donor_Name,Amount,,,,,,,,,,,,,,,,,,,,,,,
NeuroScience,DrR.P. & Mrs.T.Sengupta ,$1 Million,,,,,,,,,,,,,,,,,,,,,,,
NeuroScience,"Armenian Church of Nazareth, Calcutta","$5,00,000",,,,,,,,,,,,,,,,,,,,,,,
NeuroScience,Sunita Dalmia Foundation ,"$2,50,000",,,,,,,,,,,,,,,,,,,,,,,
NeuroScience,Madhu Saraf,"$2,50,000",,,,,,,,,,,,,,,,,,,,,,,
NeuroScience,"Infinity IT Park, Kolkata","$2,50,000",,,,,,,,,,,,,,,,,,,,,,,
NeuroScience,Bajoria Foundation ,"$2,50,000",,,,,,,,,,,,,,,,,,,,,,,
NeuroScience,Alan Rankin ,"$1,00,000",,,,,,,,,,,,,,,,,,,,,,,
NeuroScience,Dr.Jayati Mukherjee,"$1,00,000",,,,,,,,,,,,,,,,,,,,,,,
NeuroScience,Mr. B.D.Sureka,"$1,00,000",,,,,,,,,,,,,,,,,,,,,,,
NeuroScience,Mr. B.K.Pal ,"$50,000",,,,,,,,,,,,,,,,,,,,,,,
NeuroScience,Mr.Mustaq Hussain,"$50,000",,,,,,,,,,,,,,,,,,,,,,,
NeuroScience,Sushila Morarka,"$50,000",,,,,,,,,,,,,,,,,,,,,,,
NeuroScience,International Neurosciences Foundation (INF,"$20,000",,,,,,,,,,,,,,,,,,,,,,,
NeuroScience,Dr.Mrs.Nilima Chatterjee ,"$20,000",,,,,,,,,,,,,,,,,,,,,,,
NeuroScience,Pakistan Cultural Society of North East facilitated by Mr.Z.Ahmed ,"$20,000",,,,,,,,,,,,,,,,,,,,,,,
NeuroScience,Mr.M.K.Sehgal ,"$20,000",,,,,,,,,,,,,,,,,,,,,,,
NeuroScience,Dr.Monica Biswas Estate ,"$20,000",,,,,,,,,,,,,,,,,,,,,,,
NeuroScience,Adhunik Group of Industries ,"$20,000",,,,,,,,,,,,,,,,,,,,,,,
NeuroScience,Dr.Mrs. Rita Gupta ,"$20,000",,,,,,,,,,,,,,,,,,,,,,,
NeuroScience,Dr.Subhas. & Mrs. Indrani Halder,"$20,000",,,,,,,,,,,,,,,,,,,,,,,
NeuroScience,Dr. J.C & Mrs.B.. Sarkar ,"$20,000",,,,,,,,,,,,,,,,,,,,,,,
NeuroScience,Dr.Mihir. & Mrs. Basu ,"$20,000",,,,,,,,,,,,,,,,,,,,,,,
NeuroScience,Dr. Malay Chakraborty ,"$20,000",,,,,,,,,,,,,,,,,,,,,,,
NeuroScience,Mr.Sudhir Ranjan Pal ,"$20,000",,,,,,,,,,,,,,,,,,,,,,,
NeuroScience,Dr.Kiron & Dr.Kamala Das ,"$20,000",,,,,,,,,,,,,,,,,,,,,,,
NeuroScience,Dr.Malay Das ,"$20,000",,,,,,,,,,,,,,,,,,,,,,,
NeuroScience,Dr.M. & Dr.Prabha Guha,"$10,000",,,,,,,,,,,,,,,,,,,,,,,
NeuroScience,"DAV Developments (Minoo Malhotra,Amita Malhotra &Family)","$10,000",,,,,,,,,,,,,,,,,,,,,,,
NeuroScience,Haji Mohammed Mustafa ,"$10,000",,,,,,,,,,,,,,,,,,,,,,,
NeuroScience,Mr.Kajal Sengupta ,"$10,000",,,,,,,,,,,,,,,,,,,,,,,
Meals - AkshayaPatra,3I,sk-proj-jpkIDFVMo6CLighyrcGkT3BlbkFJvNLNeHD1Vj0PvjTt26nC,,,,,,,,,,,,,,,,,,,,,,,
Meals - AkshayaPatra,42Gears,,,,,,,,,,,,,,,,,,,,,,,,
Meals - AkshayaPatra,Acentra Health,,,,,,,,,,,,,,,,,,,,,,,,
Meals - AkshayaPatra,ADCB,,,,,,,,,,,,,,,,,,,,,,,,
Meals - AkshayaPatra,Advent International,,,,,,,,,,,,,,,,,,,,,,,,
Meals - AkshayaPatra,Airport Authority of India,,,,,,,,,,,,,,,,,,,,,,,,
Meals - AkshayaPatra,Alimak Group,,,,,,,,,,,,,,,,,,,,,,,,
Meals - AkshayaPatra,Apotex Inc.,,,,,,,,,,,,,,,,,,,,,,,,
Meals - AkshayaPatra,Apraava Energy,,,,,,,,,,,,,,,,,,,,,,,,
Meals - AkshayaPatra,Auma,,,,,,,,,,,,,,,,,,,,,,,,
Meals - AkshayaPatra,Awfis Space Solutions Pvt. Ltd.,,,,,,,,,,,,,,,,,,,,,,,,
Meals - AkshayaPatra,Balajee Infratech and Constructions Private Limited,,,,,,,,,,,,,,,,,,,,,,,,
Meals - AkshayaPatra,"Balakrishna Industries Ltd,",,,,,,,,,,,,,,,,,,,,,,,,
Meals - AkshayaPatra,BECHEM LUBRICANTS INDIA PVT LTD,,,,,,,,,,,,,,,,,,,,,,,,
Meals - AkshayaPatra,BGGTS,,,,,,,,,,,,,,,,,,,,,,,,
Meals - AkshayaPatra,BillDesk,,,,,,,,,,,,,,,,,,,,,,,,
Meals - AkshayaPatra,Brahmaputra Cracker and Polymer Limited (BCPL),,,,,,,,,,,,,,,,,,,,,,,,
Meals - AkshayaPatra,Cargill,,,,,,,,,,,,,,,,,,,,,,,,
Meals - AkshayaPatra,Cent Bank Home Finance Limited,,,,,,,,,,,,,,,,,,,,,,,,
Meals - AkshayaPatra,CENTUM RAKON INDIA PVT. LTD.,,,,,,,,,,,,,,,,,,,,,,,,
Meals - AkshayaPatra,Chandak Group,,,,,,,,,,,,,,,,,,,,,,,,
Meals - AkshayaPatra,Chevron Phillips Chemical,,,,,,,,,,,,,,,,,,,,,,,,
Meals - AkshayaPatra,Dewan Housing Finance Corporation,,,,,,,,,,,,,,,,,,,,,,,,
Meals - AkshayaPatra,EdelGive Foundation,,,,,,,,,,,,,,,,,,,,,,,,
Meals - AkshayaPatra,Factset Research Systems Inc,,,,,,,,,,,,,,,,,,,,,,,,
Meals - AkshayaPatra,Franklin Templeton,,,,,,,,,,,,,,,,,,,,,,,,
Meals - AkshayaPatra,Gland Pharma Limited,,,,,,,,,,,,,,,,,,,,,,,,
Meals - AkshayaPatra,GSN GAMES,,,,,,,,,,,,,,,,,,,,,,,,
Meals - AkshayaPatra,H.T Parekh Foundation,,,,,,,,,,,,,,,,,,,,,,,,
Meals - AkshayaPatra,iMEDGlobal Solutions India Pvt Ltd,,,,,,,,,,,,,,,,,,,,,,,,
Meals - AkshayaPatra,Maanaveeya Development and Finance Private Limited,,,,,,,,,,,,,,,,,,,,,,,,
Meals - AkshayaPatra,Mannara Technologies Pvt. Ltd,,,,,,,,,,,,,,,,,,,,,,,,
Lake Revival - Climate Change,Qualcomm ,,,,,,,,,,,,,,,,,,,,,,,,
Lake Revival - Climate Change,3M ,,,,,,,,,,,,,,,,,,,,,,,,
Lake Revival - Climate Change,AMZ,,,,,,,,,,,,,,,,,,,,,,,,
Lake Revival - Climate Change,HCL Foundation,,,,,,,,,,,,,,,,,,,,,,,,
Lake Revival - Climate Change,Mercedes Benz R&D India ,,,,,,,,,,,,,,,,,,,,,,,,
Lake Revival - Climate Change,Mphasis ,,,,,,,,,,,,,,,,,,,,,,,,
Lake Revival - Climate Change,GE ,,,,,,,,,,,,,,,,,,,,,,,,
Lake Revival - Climate Change,Art of Living - Jal Tara,,,,,,,,,,,,,,,,,,,,,,,,
Lake Revival - Climate Change,World Wide Fund for Nature (WWF) - India,,,,,,,,,,,,,,,,,,,,,,,,
Lake Revival - Climate Change,The Energy and Resources Institute (TERI),,,,,,,,,,,,,,,,,,,,,,,,
Lake Revival - Climate Change,Jal Shakti Abhiyan,,,,,,,,,,,,,,,,,,,,,,,,
Lake Revival - Climate Change,Arghyam,,,,,,,,,,,,,,,,,,,,,,,,
Lake Revival - Climate Change,Environmentalist Foundation of India (EFI),,,,,,,,,,,,,,,,,,,,,,,,
Lake Revival - Climate Change,Ashoka Trust for Research in Ecology and the Environment (ATREE),,,,,,,,,,,,,,,,,,,,,,,,
Lake Revival - Climate Change,Jal Bhagirathi Foundation,,,,,,,,,,,,,,,,,,,,,,,,
Lake Revival - Climate Change,Foundation for Excellence in Water Conservation,,,,,,,,,,,,,,,,,,,,,,,,
Lake Revival - Climate Change,Biocon Foundation,,,,,,,,,,,,,,,,,,,,,,,,
Lake Revival - Climate Change,INTACH (Indian National Trust for Art and Cultural Heritage),,,,,,,,,,,,,,,,,,,,,,,,
Lake Revival - Climate Change,Jaljeevika,,,,,,,,,,,,,,,,,,,,,,,,
Lake Revival - Climate Change,Vishwanath Srikantaiah (Rainwater Club),,,,,,,,,,,,,,,,,,,,,,,,
Lake Revival - Climate Change,Sankalpa Rural Development Society,,,,,,,,,,,,,,,,,,,,,,,,
Lake Revival - Climate Change,Earth5R,,,,,,,,,,,,,,,,,,,,,,,,
Lake Revival - Climate Change,Biomimicry India,,,,,,,,,,,,,,,,,,,,,,,,
Lake Revival - Climate Change,Hindustan Coca-Cola Beverages - Water Stewardship Program,,,,,,,,,,,,,,,,,,,,,,,,
Lake Revival - Climate Change,Indian Institute of Science (IISc) - Centre for Ecological Sciences,,,,,,,,,,,,,,,,,,,,,,,,
Lake Revival - Climate Change,Society for the Promotion of Wastelands Development (SPWD),,,,,,,,,,,,,,,,,,,,,,,,
Lake Revival - Climate Change,Indian Institute of Technology (IIT) - Centre for Environmental Studies,,,,,,,,,,,,,,,,,,,,,,,,
Lake Revival - Climate Change,National Institute of Hydrology (NIH),,,,,,,,,,,,,,,,,,,,,,,,
Lake Revival - Climate Change,Green Brigade,,,,,,,,,,,,,,,,,,,,,,,,
Lake Revival - Climate Change,Wipro Earthian,,,,,,,,,,,,,,,,,,,,,,,,
Lake Revival - Climate Change,Rajendra Singh,,,,,,,,,,,,,,,,,,,,,,,,
Lake Revival - Climate Change,Jal Shakti Ministry,,,,,,,,,,,,,,,,,,,,,,,,
Lake Revival - Climate Change,Indian Council of Agricultural Research (ICAR),,,,,,,,,,,,,,,,,,,,,,,,
Lake Revival - Climate Change,United Way India,,,,,,,,,,,,,,,,,,,,,,,,
Lake Revival - Climate Change,Indian Water Resources Society (IWRS),,,,,,,,,,,,,,,,,,,,,,,,
Lake Revival - Climate Change,Ecos Trust,,,,,,,,,,,,,,,,,,,,,,,,
Lake Revival - Climate Change,Water.org,,,,,,,,,,,,,,,,,,,,,,,,
"For General Donation
",Mukund Charitable Trust,9754 INR,,,,,,,,,,,,,,,,,,,,,,,
"Meals for Students
","Krishna Corporation	","27000	INR",,,,,,,,,,,,,,,,,,,,,,,
For General Donation,"Kamleshkumar Vimal Shah	",10000 INR,,,,,,,,,,,,,,,,,,,,,,,
"For Livelihood Specific Fund
","Moson Le Exparts	",6000 INR,,,,,,,,,,,,,,,,,,,,,,,
"Meals for Students
","Nishit Patel	",6000 INR,,,,,,,,,,,,,,,,,,,,,,,
"For General Donation
","Ravikant Rameshkumar Soni	",5000 INR,,,,,,,,,,,,,,,,,,,,,,,
"Meals for Students
","Anshu Vikram Merani	",4000 INR,,,,,,,,,,,,,,,,,,,,,,,
"For Save Sight Fund
","Amar Sanghvi	",5000 INR,,,,,,,,,,,,,,,,,,,,,,,
"For Save Sight Fund
","Sohan K.	",5000 INR,,,,,,,,,,,,,,,,,,,,,,,
"Meals for Students
","Dhwani Nawani	",6000 INR,,,,,,,,,,,,,,,,,,,,,,,
"Meals for Students
","Chiragbhai Suryakant Thakkar	",100000 INR,,,,,,,,,,,,,,,,,,,,,,,
"For General Donation
","Rajul Amitbhai Mehta	",80000 INR,,,,,,,,,,,,,,,,,,,,,,,
"For General Donation
","Amitbhai Harivallabhbhai Mehta	",60000 INR,,,,,,,,,,,,,,,,,,,,,,,
"For V.S. Gandhi Kapadwanj Project
","Shri V.S.Gandhi Charitable Trust	",500000 INR,,,,,,,,,,,,,,,,,,,,,,,
For Assistive Devices Fund,Nitin Chandrakant Upadhyay,40000 INR,,,,,,,,,,,,,,,,,,,,,,,
"For General Donation
","Abhay Dan (Charitable Trust)	","25000	INR",,,,,,,,,,,,,,,,,,,,,,,
"For Various Purposes
","Viren Modi	","14401	INR",,,,,,,,,,,,,,,,,,,,,,,
"For General Donation
","Sameer Thind	",21000 INR,,,,,,,,,,,,,,,,,,,,,,,
"For Sumeru Centre Fund
","Niranjan Amratlal Desai	",10000  INR,,,,,,,,,,,,,,,,,,,,,,,
"For Corpus Fund
","Ramniklal Narandas Surelia HUF	","33500	INR",,,,,,,,,,,,,,,,,,,,,,,
"Meals for Students
",Justice C.K.Buch        ,"30000	INR",,,,,,,,,,,,,,,,,,,,,,,
"Meals for Students
","Sunil Trikamdas Chandwani	",15000 INR,,,,,,,,,,,,,,,,,,,,,,,
"Meals for Students
","Gordhanbhai F.Patel	",10000 INR,,,,,,,,,,,,,,,,,,,,,,,
"Meals for Students
","Mukund Charitable Trust	","91941	INR",,,,,,,,,,,,,,,,,,,,,,,
"Meals for Students
","Sonia Amitbhai Agrawal	",15000 INR,,,,,,,,,,,,,,,,,,,,,,,
"Meals for Students
","Ramsinh Dolubhai Gohil	",15000 INR,,,,,,,,,,,,,,,,,,,,,,,
"For General Donation
","Priyank Madhuben Patel	",18000 INR,,,,,,,,,,,,,,,,,,,,,,,
"For Chess Development Fund
","Deep Pharma	","25001	INR",,,,,,,,,,,,,,,,,,,,,,,
"For General Donation
","Avdhesh Ramanuj	",11000 INR,,,,,,,,,,,,,,,,,,,,,,,
"For General Donation
","Vatsal P Thakor	",34000 INR,,,,,,,,,,,,,,,,,,,,,,,
For Blind People,Mukund Charitable Trust,9754 INR,,,,,,,,,,,,,,,,,,,,,,,
For Blind People,"Krishna Corporation	","27000	INR",,,,,,,,,,,,,,,,,,,,,,,
For Blind People,"Kamleshkumar Vimal Shah	",10000 INR,,,,,,,,,,,,,,,,,,,,,,,
For Blind People,"Moson Le Exparts	",6000 INR,,,,,,,,,,,,,,,,,,,,,,,
For Blind People,"Nishit Patel	",6000 INR,,,,,,,,,,,,,,,,,,,,,,,
For Blind People,"Ravikant Rameshkumar Soni	",5000 INR,,,,,,,,,,,,,,,,,,,,,,,
For Blind People,"Anshu Vikram Merani	",4000 INR,,,,,,,,,,,,,,,,,,,,,,,
For Blind People,"Amar Sanghvi	",5000 INR,,,,,,,,,,,,,,,,,,,,,,,
For Blind People,"Sohan K.	",5000 INR,,,,,,,,,,,,,,,,,,,,,,,
For Blind People,"Dhwani Nawani	",6000 INR,,,,,,,,,,,,,,,,,,,,,,,
For Blind People,"Chiragbhai Suryakant Thakkar	",100000 INR,,,,,,,,,,,,,,,,,,,,,,,
For Blind People,"Rajul Amitbhai Mehta	",80000 INR,,,,,,,,,,,,,,,,,,,,,,,
For Blind People,"Amitbhai Harivallabhbhai Mehta	",60000 INR,,,,,,,,,,,,,,,,,,,,,,,
For Blind People,"Shri V.S.Gandhi Charitable Trust	",500000 INR,,,,,,,,,,,,,,,,,,,,,,,
For Blind People,Nitin Chandrakant Upadhyay,40000 INR,,,,,,,,,,,,,,,,,,,,,,,
For Blind People,"Abhay Dan (Charitable Trust)	","25000	INR",,,,,,,,,,,,,,,,,,,,,,,
For Blind People,"Viren Modi	","14401	INR",,,,,,,,,,,,,,,,,,,,,,,
For Blind People,"Sameer Thind	",21000 INR,,,,,,,,,,,,,,,,,,,,,,,
For Blind People,"Niranjan Amratlal Desai	",10000  INR,,,,,,,,,,,,,,,,,,,,,,,
For Blind People,"Ramniklal Narandas Surelia HUF	","33500	INR",,,,,,,,,,,,,,,,,,,,,,,
For Blind People,Justice C.K.Buch        ,"30000	INR",,,,,,,,,,,,,,,,,,,,,,,
For Blind People,"Sunil Trikamdas Chandwani	",15000 INR,,,,,,,,,,,,,,,,,,,,,,,
For Blind People,"Gordhanbhai F.Patel	",10000 INR,,,,,,,,,,,,,,,,,,,,,,,
For Blind People,"Mukund Charitable Trust	","91941	INR",,,,,,,,,,,,,,,,,,,,,,,
For Blind People,"Sonia Amitbhai Agrawal	",15000 INR,,,,,,,,,,,,,,,,,,,,,,,
For Blind People,"Ramsinh Dolubhai Gohil	",15000 INR,,,,,,,,,,,,,,,,,,,,,,,
For Blind People,"Priyank Madhuben Patel	",18000 INR,,,,,,,,,,,,,,,,,,,,,,,
For Blind People,"Deep Pharma	","25001	INR",,,,,,,,,,,,,,,,,,,,,,,
For Blind People,"Avdhesh Ramanuj	",11000 INR,,,,,,,,,,,,,,,,,,,,,,,
For Blind People,"Vatsal P Thakor	",34000 INR,,,,,,,,,,,,,,,,,,,,,,,
Flood Relief,Foundation Caritas Luxembourg,,,,,,,,,,,,,,,,,,,,,,,,
Flood Relief,Catholic Agency for Overseas Development (CAFOD),,,,,,,,,,,,,,,,,,,,,,,,
Flood Relief,Jamiat Ulama I Hind-UK,,,,,,,,,,,,,,,,,,,,,,,,
Flood Relief,Al-Khair Foundation-UK,,,,,,,,,,,,,,,,,,,,,,,,
Flood Relief,Chance Swiss BONO,,,,,,,,,,,,,,,,,,,,,,,,
Flood Relief,Christian Aid,,,,,,,,,,,,,,,,,,,,,,,,
Flood Relief,Charity Australia International,,,,,,,,,,,,,,,,,,,,,,,,
Flood Relief,Charity Sharing,,,,,,,,,,,,,,,,,,,,,,,,
Flood Relief,Children on the Edge,,,,,,,,,,,,,,,,,,,,,,,,
Flood Relief,Christian Aid,,,,,,,,,,,,,,,,,,,,,,,,
Flood Relief,Christian Aid Bangladesh,,,,,,,,,,,,,,,,,,,,,,,,
Flood Relief,Christian Aid Bangladesh,,,,,,,,,,,,,,,,,,,,,,,,
Flood Relief,Comfort aid international,,,,,,,,,,,,,,,,,,,,,,,,
Flood Relief,Community Partner International,,,,,,,,,,,,,,,,,,,,,,,,
Flood Relief,Community Partners Int. Partnering for Health in Myanmar,,,,,,,,,,,,,,,,,,,,,,,,
Flood Relief,"Community partners internatgional-Partnering for Health in
 Myanmar",,,,,,,,,,,,,,,,,,,,,,,,
Flood Relief,Global Medic Muntada Aid,,,,,,,,,,,,,,,,,,,,,,,,
Flood Relief,Global One,,,,,,,,,,,,,,,,,,,,,,,,
Flood Relief,Good Neighbors International Head Quarters,,,,,,,,,,,,,,,,,,,,,,,,
Flood Relief,Goreeb & Yateem Trust Fund,,,,,,,,,,,,,,,,,,,,,,,,
Flood Relief,Grand Challeges,,,,,,,,,,,,,,,,,,,,,,,,
Flood Relief,HAEFA,,,,,,,,,,,,,,,,,,,,,,,,
Flood Relief,Handicap International,,,,,,,,,,,,,,,,,,,,,,,,
Flood Relief,HANDS (Health and nutritional development services),,,,,,,,,,,,,,,,,,,,,,,,
Flood Relief,Hayrat Humanitarian Aid Association,,,,,,,,,,,,,,,,,,,,,,,,
Flood Relief,Hayrat Insani Yardim Dernegi,,,,,,,,,,,,,,,,,,,,,,,,
Flood Relief,Health and education for all,,,,,,,,,,,,,,,,,,,,,,,,
Flood Relief,Helf-Hilfe zur selbsthilfe e.V.,,,,,,,,,,,,,,,,,,,,,,,,
Flood Relief,Help Age International,,,,,,,,,,,,,,,,,,,,,,,,
Flood Relief,Help the Needy Charitable Trust,,,,,,,,,,,,,,,,,,,,,,,,
Flood Relief,Helping Hand for Relief & Development (HHRD),,,,,,,,,,,,,,,,,,,,,,,,
Flood Relief,HELPING HUT,,,,,,,,,,,,,,,,,,,,,,,,
Flood Relief,Helvetas Swiss Intercooperation,,,,,,,,,,,,,,,,,,,,,,,,
Flood Relief,Heroic Hearts Organization,,,,,,,,,,,,,,,,,,,,,,,,
Flood Relief,HHRD,,,,,,,,,,,,,,,,,,,,,,,,
Flood Relief,Hilfe fur Bruder,,,,,,,,,,,,,,,,,,,,,,,,
Flood Relief,Hope International Development Agency,,,,,,,,,,,,,,,,,,,,,,,,
Flood Relief,Hope'87,,,,,,,,,,,,,,,,,,,,,,,,
Flood Relief,Crescent of Hope,,,,,,,,,,,,,,,,,,,,,,,,
Flood Relief,Crescent Relief,,,,,,,,,,,,,,,,,,,,,,,,
children affected by Cerebral Palsy,"Thiru.V.Sundar, Intrique Medical Equipments, Madurai",25000 INR,,,,,,,,,,,,,,,,,,,,,,,
children affected by Cerebral Palsy,"Thiru.J.S.Rajjan, and his Family Members, USA",25000 INR,,,,,,,,,,,,,,,,,,,,,,,
children affected by Cerebral Palsy,"Thiru.T.Viswanathan, Thindivanam",25000 INR,,,,,,,,,,,,,,,,,,,,,,,
children affected by Cerebral Palsy,"Ms.Sheela, BSNL, Tanjore",25000 INR,,,,,,,,,,,,,,,,,,,,,,,
children affected by Cerebral Palsy,"Ms.Sasirekha BSNL, Madurai",25000 INR,,,,,,,,,,,,,,,,,,,,,,,
children affected by Cerebral Palsy,"	Ms.Sangeetha BSNL, Madurai",25000 INR,,,,,,,,,,,,,,,,,,,,,,,
children affected by Cerebral Palsy,"S.D.Karunamoorthy ,TNEB, Arasaradi, Madurai",25000 INR,,,,,,,,,,,,,,,,,,,,,,,
children affected by Cerebral Palsy,"S.A.Kalyanasundaram, Coimbatore",25000 INR,,,,,,,,,,,,,,,,,,,,,,,
children affected by Cerebral Palsy,"Col.V.Janakarajan, Vice President ,TVS Madurai",25000 INR,,,,,,,,,,,,,,,,,,,,,,,
children affected by Cerebral Palsy,"C.Vimala, Pondicheri",25000 INR,,,,,,,,,,,,,,,,,,,,,,,
children affected by Cerebral Palsy,"Ms.Fajlunnisha, USA",25000 INR,,,,,,,,,,,,,,,,,,,,,,,
children affected by Cerebral Palsy,"Mrs.Lakshmi Divakar, Mumbai",25000 INR,,,,,,,,,,,,,,,,,,,,,,,
children affected by Cerebral Palsy,"Mr.J.Saravanan, Chennai",25000 INR,,,,,,,,,,,,,,,,,,,,,,,
children affected by Cerebral Palsy,"	S.D.Karunamoorthy, Madurai",25000 INR,,,,,,,,,,,,,,,,,,,,,,,
children affected by Cerebral Palsy,"Mrs.Mumthaj, Madurai",25000 INR,,,,,,,,,,,,,,,,,,,,,,,
children affected by Cerebral Palsy,"Mr.Sitharaman, Visvas Promoters, Madurai",25000 INR,,,,,,,,,,,,,,,,,,,,,,,
children affected by Cerebral Palsy,"M/s. State Bank of India, Madurai",25000 INR,,,,,,,,,,,,,,,,,,,,,,,
children affected by Cerebral Palsy,"Lakshmi Priya, AIMS, Chennai",25000 INR,,,,,,,,,,,,,,,,,,,,,,,
children affected by Cerebral Palsy,"Vinod Chakravarthy, Kone India, Chennai",25000 INR,,,,,,,,,,,,,,,,,,,,,,,
children affected by Cerebral Palsy,"S. Subramanian, Accounts Officer , Nagercoil",25000 INR,,,,,,,,,,,,,,,,,,,,,,,
children affected by Cerebral Palsy,"Gopi, Omaha, USA",25000 INR,,,,,,,,,,,,,,,,,,,,,,,
children affected by Cerebral Palsy,"Thirumaran, Madurai",25000 INR,,,,,,,,,,,,,,,,,,,,,,,
children affected by Cerebral Palsy,"P. Venkatesan (PT), Madurai",25000 INR,,,,,,,,,,,,,,,,,,,,,,,
children affected by Cerebral Palsy,"R. Usha Rajalakshmi, (PT) Kovilpatti",25000 INR,,,,,,,,,,,,,,,,,,,,,,,
children affected by Cerebral Palsy,"V.P. Manikandan, Indian Express, SS Colony, Madurai",25000 INR,,,,,,,,,,,,,,,,,,,,,,,
children affected by Cerebral Palsy,"T. K. Varadan ,Madurai",25000 INR,,,,,,,,,,,,,,,,,,,,,,,
children affected by Cerebral Palsy,"R. Usha Ramesh, Chennai",25000 INR,,,,,,,,,,,,,,,,,,,,,,,
children affected by Cerebral Palsy,"	Jebakani Backyaraj, Chandragandhi Nagar, Madurai",25000 INR,,,,,,,,,,,,,,,,,,,,,,,
children affected by Cerebral Palsy,"	N. Harsha D/o Mr. J. Naveen Chandran, Madurai",25000 INR,,,,,,,,,,,,,,,,,,,,,,,
children affected by Cerebral Palsy,"Meena Narayani, Kattupakkam, Chennai",25000 INR,,,,,,,,,,,,,,,,,,,,,,,
 Mental Health ,"	Wirendra Singh",,,,,,,,,,,,,,,,,,,,,,,,
 Mental Health ,Inderjit Kaur Khokhar,,,,,,,,,,,,,,,,,,,,,,,,
 Mental Health ,"	Jaswinder Kaur",,,,,,,,,,,,,,,,,,,,,,,,
 Mental Health ,"		Hemal Trivedi",,,,,,,,,,,,,,,,,,,,,,,,
 Mental Health ,"	Chayan Jain",,,,,,,,,,,,,,,,,,,,,,,,
 Mental Health ,Dipal Mayank Mehta,,,,,,,,,,,,,,,,,,,,,,,,
 Mental Health ,Tejas Patwari,,,,,,,,,,,,,,,,,,,,,,,,
 Mental Health ,"	Subhash Dadani",,,,,,,,,,,,,,,,,,,,,,,,
 Mental Health ,"	Dr. Pranjalin Kavar",,,,,,,,,,,,,,,,,,,,,,,,
 Mental Health ,Supal Alpeshkumar Desai,,,,,,,,,,,,,,,,,,,,,,,,
 Mental Health ,"	Tanay Choksi",,,,,,,,,,,,,,,,,,,,,,,,
 Mental Health ,"		Vireshbhai H.Patel",,,,,,,,,,,,,,,,,,,,,,,,
 Mental Health ,Jayminkumar Arvindbhai Parmar,,,,,,,,,,,,,,,,,,,,,,,,
 Mental Health ,"	Rohit Kumar Thareja",,,,,,,,,,,,,,,,,,,,,,,,
 Mental Health ,Madhur Lata Sharma,,,,,,,,,,,,,,,,,,,,,,,,
 Mental Health ,"	Nirmala N.Chandiramani",,,,,,,,,,,,,,,,,,,,,,,,
 Mental Health ,Shree Ram Fondation & Charitable Trust,,,,,,,,,,,,,,,,,,,,,,,,
 Mental Health ,"	Ravi J.Desai",,,,,,,,,,,,,,,,,,,,,,,,
 Mental Health ,"	Milan Rajnikant Vajani",,,,,,,,,,,,,,,,,,,,,,,,
 Mental Health ,"	Vireshbhai H.Patel",,,,,,,,,,,,,,,,,,,,,,,,
 Mental Health ,"	Madhur Lata Sharma",,,,,,,,,,,,,,,,,,,,,,,,
 Mental Health ,"	Chayan Jain",,,,,,,,,,,,,,,,,,,,,,,,
 Mental Health ,Jay Prajapati,,,,,,,,,,,,,,,,,,,,,,,,
 Mental Health ,Rituben Sureshbhai Dalwani,,,,,,,,,,,,,,,,,,,,,,,,
 Mental Health ,Jayeshbhai Ramabhai Patel,,,,,,,,,,,,,,,,,,,,,,,,
 Mental Health ,Varsha Jayeshbhai Patel,,,,,,,,,,,,,,,,,,,,,,,,
 Mental Health ,"	Shikha Jain",,,,,,,,,,,,,,,,,,,,,,,,
 Mental Health ,"	Manushi Desai",,,,,,,,,,,,,,,,,,,,,,,,
 Mental Health ,Kartik Mahavir Jain,,,,,,,,,,,,,,,,,,,,,,,,
 Mental Health ,Subhash Dadani,,,,,,,,,,,,,,,,,,,,,,,,
 Mental Health ,The Banyan,,,,,,,,,,,,,,,,,,,,,,,,
 Mental Health ,Vandrevala Foundation,,,,,,,,,,,,,,,,,,,,,,,,
 Mental Health ,White Swan Foundation,,,,,,,,,,,,,,,,,,,,,,,,
 Mental Health ,AASRA,,,,,,,,,,,,,,,,,,,,,,,,
 Mental Health ,The Live Love Laugh Foundation,,,,,,,,,,,,,,,,,,,,,,,,
 Mental Health ,Mental Health Foundation (India),,,,,,,,,,,,,,,,,,,,,,,,
 Mental Health ,Schizophrenia Research Foundation (SCARF),,,,,,,,,,,,,,,,,,,,,,,,
 Mental Health ,Mind India,,,,,,,,,,,,,,,,,,,,,,,,
 Mental Health ,Tata Institute of Social Sciences (TISS) - Centre for Mental Health,,,,,,,,,,,,,,,,,,,,,,,,
 Mental Health ,Kiran Mental Health Rehabilitation Centre,,,,,,,,,,,,,,,,,,,,,,,,
 Mental Health ,Shanti Home,,,,,,,,,,,,,,,,,,,,,,,,
 Mental Health ,Mind Speciality Clinic,,,,,,,,,,,,,,,,,,,,,,,,
 Mental Health ,Manas Foundation,,,,,,,,,,,,,,,,,,,,,,,,
 Mental Health ,Medicover Hospitals,,,,,,,,,,,,,,,,,,,,,,,,
 Mental Health ,Medicover Hospitals,,,,,,,,,,,,,,,,,,,,,,,,
 Mental Health ,Child in Need Institute (CINI),,,,,,,,,,,,,,,,,,,,,,,,
 Mental Health ,Snehi,,,,,,,,,,,,,,,,,,,,,,,,
 Mental Health ,Sri Ramachandra Institute of Higher Education and Research (Deemed University),,,,,,,,,,,,,,,,,,,,,,,,
 Mental Health ,Fortis National Mental Health Program,,,,,,,,,,,,,,,,,,,,,,,,
 Mental Health ,ReachOut India,,,,,,,,,,,,,,,,,,,,,,,,
 Mental Health ,Anjali Mental Health Rights Organization,,,,,,,,,,,,,,,,,,,,,,,,
 Mental Health ,Nirvana Foundation,,,,,,,,,,,,,,,,,,,,,,,,
 Mental Health ,Alzheimer's and Related Disorders Society of India (ARDSI),,,,,,,,,,,,,,,,,,,,,,,,
 Mental Health ,NIMH (National Initiative for Mental Health),,,,,,,,,,,,,,,,,,,,,,,,
 Mental Health ,Ummeed Child Development Center,,,,,,,,,,,,,,,,,,,,,,,,
 Mental Health ,The Blue Dawn,,,,,,,,,,,,,,,,,,,,,,,,
 Mental Health ,Prafulta Psychological Services,,,,,,,,,,,,,,,,,,,,,,,,
 Mental Health ,Richmond Fellowship Society,,,,,,,,,,,,,,,,,,,,,,,,
 Mental Health ,Mann Talks,,,,,,,,,,,,,,,,,,,,,,,,
 Mental Health ,Mindwise,,,,,,,,,,,,,,,,,,,,,,,,
 Mental Health ,InnerHour,,,,,,,,,,,,,,,,,,,,,,,,
 Mental Health ,Isha Foundation's Inner Engineering,,,,,,,,,,,,,,,,,,,,,,,,
 Mental Health ,Jeevan Aastha,,,,,,,,,,,,,,,,,,,,,,,,
 Mental Health ,NAMI India,,,,,,,,,,,,,,,,,,,,,,,,
 Mental Health ,The Mind Care,,,,,,,,,,,,,,,,,,,,,,,,
 Mental Health ,Mental Health Action Trust (MHAT),,,,,,,,,,,,,,,,,,,,,,,,
 Mental Health ,Centre for Mental Health Law & Policy (CMHLP),,,,,,,,,,,,,,,,,,,,,,,,
 Mental Health ,HopeQure,,,,,,,,,,,,,,,,,,,,,,,,
 Mental Health ,The Mind Clan,,,,,,,,,,,,,,,,,,,,,,,,
 Mental Health ,Sanity Star,,,,,,,,,,,,,,,,,,,,,,,,
Education,Lifeline Foundation,50000,,,,,,,,,,,,,,,,,,,,,,,
Education,Mr Debashish Mukherji,11000,,,,,,,,,,,,,,,,,,,,,,,
Education,"	Saraswati Education Trust",30000,,,,,,,,,,,,,,,,,,,,,,,
Education,Rajeshkumar S.Shah,50000,,,,,,,,,,,,,,,,,,,,,,,
Education,Kanchan Baa Education Trust,17000,,,,,,,,,,,,,,,,,,,,,,,
Education,Pannaben Pravinbhai Patel,100000,,,,,,,,,,,,,,,,,,,,,,,
Education,Shree Dayanand Saraswati Education Trust,15000,,,,,,,,,,,,,,,,,,,,,,,
Education,Mayank Raj,7200,,,,,,,,,,,,,,,,,,,,,,,
Education,Bhavini B Patel,50000,,,,,,,,,,,,,,,,,,,,,,,
Education,Bhaveshkumar M Patel,50000,,,,,,,,,,,,,,,,,,,,,,,
Education,J.N.Education Society,22700,,,,,,,,,,,,,,,,,,,,,,,
Education,"Kailash Chander Anand Charitable & Educational Society	",110000,,,,,,,,,,,,,,,,,,,,,,,
Education,Shree Monark Education Trust,25000,,,,,,,,,,,,,,,,,,,,,,,
Education,Bhushan Patil,1000,,,,,,,,,,,,,,,,,,,,,,,
Education,Ajay Thakur,1000,,,,,,,,,,,,,,,,,,,,,,,
Education,Sharada Education Trust,25000,,,,,,,,,,,,,,,,,,,,,,,
Education,Indian American Education Foundation,146718,,,,,,,,,,,,,,,,,,,,,,,
Education,Govindlal M Patel,25000,,,,,,,,,,,,,,,,,,,,,,,
Education,Sonal Trading Co,25000,,,,,,,,,,,,,,,,,,,,,,,
Education,JSK,1000,,,,,,,,,,,,,,,,,,,,,,,
Education,Nafisa Parvez Buhariwalla,102000,,,,,,,,,,,,,,,,,,,,,,,
Education,Tata Trusts,2000000,,,,,,,,,,,,,,,,,,,,,,,
Education,Nalanda Foundation,1000000,,,,,,,,,,,,,,,,,,,,,,,
Education,MacArthur Foundation,500000,,,,,,,,,,,,,,,,,,,,,,,
Education,Navin Flourin Internation Limited,600000,,,,,,,,,,,,,,,,,,,,,,,
Education,Gruh Finance Limited,100000,,,,,,,,,,,,,,,,,,,,,,,
Education,Dr K.R Shroff Foundation,100000,,,,,,,,,,,,,,,,,,,,,,,
Education,One World Foundation,750000,,,,,,,,,,,,,,,,,,,,,,,
Education,SBI Foundation,1000000,,,,,,,,,,,,,,,,,,,,,,,
Education,Bajaj ,300000,,,,,,,,,,,,,,,,,,,,,,,
Animal Welfare,Kotappakonda Environment Education Centre,400500,,,,,,,,,,,,,,,,,,,,,,,
Agriculture Development,Ushaben Atulkumar,20000,,,,,,,,,,,,,,,,,,,,,,,
Agriculture Development,Asharam khemchand Meghani,25000,,,,,,,,,,,,,,,,,,,,,,,
Agriculture Development,Aneri Deepak Patel,50000,,,,,,,,,,,,,,,,,,,,,,,
Agriculture Development,Moson Le Exparts,30000,,,,,,,,,,,,,,,,,,,,,,,
Agriculture Development,Punit Devdutt Sood,100000,,,,,,,,,,,,,,,,,,,,,,,
Agriculture Development,Keyur Machhavada,25000,,,,,,,,,,,,,,,,,,,,,,,
Agriculture Development,Mona Shah,125000,,,,,,,,,,,,,,,,,,,,,,,
Agriculture Development,Bina Chudgar,62500,,,,,,,,,,,,,,,,,,,,,,,
Agriculture Development,NAB Visnagar,15000,,,,,,,,,,,,,,,,,,,,,,,
Agriculture Development,Manish Kishan Gupta,30000,,,,,,,,,,,,,,,,,,,,,,,
Agriculture Development,Hasmukhbhai Kantilal Shah,25000,,,,,,,,,,,,,,,,,,,,,,,
Agriculture Development,Udayprabha Narendrabhai Patel,6000,,,,,,,,,,,,,,,,,,,,,,,
Agriculture Development,K & K Expoters,25000,,,,,,,,,,,,,,,,,,,,,,,
Agriculture Development,Kalavatiben Babulal Raval,100000,,,,,,,,,,,,,,,,,,,,,,,
Agriculture Development,Ishwarsing Champawat,12000,,,,,,,,,,,,,,,,,,,,,,,
Agriculture Development,Gujarat State Seeds Corporation Limited,8867000,,,,,,,,,,,,,,,,,,,,,,,
Agriculture Development,Hasmukhlal Chhotalal & Family,100000,,,,,,,,,,,,,,,,,,,,,,,
Agriculture Development,Chatla Narsaiah Ramaiah,75000,,,,,,,,,,,,,,,,,,,,,,,
Agriculture Development,Roopal and Kokila Shah,87501,,,,,,,,,,,,,,,,,,,,,,,
Sports,Kapil Dev,1210000,,,,,,,,,,,,,,,,,,,,,,,
Sports,Steel Authority of India Limited,1000000,,,,,,,,,,,,,,,,,,,,,,,
Sports,Board of Control for Cricket in India,5000000,,,,,,,,,,,,,,,,,,,,,,,
Sports,Oscar Foundation,125000,,,,,,,,,,,,,,,,,,,,,,,
Sports,Khel Khel Mein Foundation,500000,,,,,,,,,,,,,,,,,,,,,,,
Sports,Victory Sports Foundation,75000,,,,,,,,,,,,,,,,,,,,,,,
Sports,Sanskriti Samvardhan Mandal,100000,,,,,,,,,,,,,,,,,,,,,,,
Sports,Virat Kohli Foundation,500000,,,,,,,,,,,,,,,,,,,,,,,
Sports,Megha Engineering Limited,45000,,,,,,,,,,,,,,,,,,,,,,,
Sports,Qwik Supply Chain,75000,,,,,,,,,,,,,,,,,,,,,,,
Sports,Sushmita Bagchee,100000,,,,,,,,,,,,,,,,,,,,,,,
Sports,VM Salgaoncar and Brothers,50000,,,,,,,,,,,,,,,,,,,,,,,
Sports,Bajaj Group,100000,,,,,,,,,,,,,,,,,,,,,,,
Sports,VS Dempo and Co,75000,,,,,,,,,,,,,,,,,,,,,,,
Sports,Haldia Energy,50000,,,,,,,,,,,,,,,,,,,,,,,
Sports,CFTI,100000,,,,,,,,,,,,,,,,,,,,,,,
Sports,Satya Special School,75000,,,,,,,,,,,,,,,,,,,,,,,
Sports,Rotary India,125000,,,,,,,,,,,,,,,,,,,,,,,
Sports,CDOT,50000,,,,,,,,,,,,,,,,,,,,,,,
Sports,Coorgs Foundation,50000,,,,,,,,,,,,,,,,,,,,,,,
Sports,Lions Health Foundation,75000,,,,,,,,,,,,,,,,,,,,,,,
Sports,AIFF,100000,,,,,,,,,,,,,,,,,,,,,,,
Sports,Lakshya,75000,,,,,,,,,,,,,,,,,,,,,,,
Sports,Arpinder Singh,50000,,,,,,,,,,,,,,,,,,,,,,,
Sports,Amit Kumar,25000,,,,,,,,,,,,,,,,,,,,,,,
Religious and Spiritual Cause,Dilip Kumar V Lakhi,,,,,,,,,,,,,,,,,,,,,,,,
Religious and Spiritual Cause,Morari Bapu,,,,,,,,,,,,,,,,,,,,,,,,
Religious and Spiritual Cause,Govindbhai Dholakia,,,,,,,,,,,,,,,,,,,,,,,,
Religious and Spiritual Cause,Patna Mahavir Mandir,,,,,,,,,,,,,,,,,,,,,,,,
Religious and Spiritual Cause,Mahesh Kabutarwala of Swiss Glascoat Equipments,,,,,,,,,,,,,,,,,,,,,,,,
Religious and Spiritual Cause,Ambani family,,,,,,,,,,,,,,,,,,,,,,,,
Religious and Spiritual Cause,WS Habeeb,,,,,,,,,,,,,,,,,,,,,,,,
Religious and Spiritual Cause,Lavji Badshah,,,,,,,,,,,,,,,,,,,,,,,,
Religious and Spiritual Cause,Prakash Gupta,,,,,,,,,,,,,,,,,,,,,,,,
Religious and Spiritual Cause,"Jain Community, Mumbai",,,,,,,,,,,,,,,,,,,,,,,,
Religious and Spiritual Cause,Infosys Foundation,,,,,,,,,,,,,,,,,,,,,,,,
Religious and Spiritual Cause,Akshay Kumar ,,,,,,,,,,,,,,,,,,,,,,,,
Religious and Spiritual Cause,Vijay Shekar Sharma,,,,,,,,,,,,,,,,,,,,,,,,
Religious and Spiritual Cause,Sajjan Jindal,,,,,,,,,,,,,,,,,,,,,,,,
Religious and Spiritual Cause,Adi Godrej,,,,,,,,,,,,,,,,,,,,,,,,
Religious and Spiritual Cause,Kiran Mazumdar-Shaw,,,,,,,,,,,,,,,,,,,,,,,,
Religious and Spiritual Cause,Anand Burman,,,,,,,,,,,,,,,,,,,,,,,,
Religious and Spiritual Cause,Radhakishan Damani,,,,,,,,,,,,,,,,,,,,,,,,
Religious and Spiritual Cause,Karsanbhai Patel ,,,,,,,,,,,,,,,,,,,,,,,,
Religious and Spiritual Cause,Rajesh Mehta,,,,,,,,,,,,,,,,,,,,,,,,
Religious and Spiritual Cause,Subhash Chandra,,,,,,,,,,,,,,,,,,,,,,,,
Religious and Spiritual Cause,Cyrus Poonawala,,,,,,,,,,,,,,,,,,,,,,,,
Religious and Spiritual Cause,Kumar Mangalam Birla,,,,,,,,,,,,,,,,,,,,,,,,
Religious and Spiritual Cause,Tata Sons,,,,,,,,,,,,,,,,,,,,,,,,
Health,Wellcome Trust,"$1,00,000",,,,,,,,,,,,,,,,,,,,,,,
Health,"Science and Engineering Research Board (SERB), DST, GoI","$1,00,000",,,,,,,,,,,,,,,,,,,,,,,
Health,MMTC Ltd,"$1,00,000",,,,,,,,,,,,,,,,,,,,,,,
Health,Deepak Foundation,"$1,00,000",,,,,,,,,,,,,,,,,,,,,,,
Health,Sir Dorabji Trust,"$1,00,000",,,,,,,,,,,,,,,,,,,,,,,
Health,Bill & Melinda Gates Foundation,"$1,00,000",,,,,,,,,,,,,,,,,,,,,,,
Health,Nand & Jeet Khemka Foundation,"$1,00,000",,,,,,,,,,,,,,,,,,,,,,,
Health,Infosys Foundation,"$1,00,000",,,,,,,,,,,,,,,,,,,,,,,
Health,HT Parekh Foundation,"$1,00,000",,,,,,,,,,,,,,,,,,,,,,,
Health,Amar Foundation,"$1,00,000",,,,,,,,,,,,,,,,,,,,,,,
Health,American India Foundation,"$50,000",,,,,,,,,,,,,,,,,,,,,,,
Health,Friends of ISB Foundation,"$50,000",,,,,,,,,,,,,,,,,,,,,,,
Health,Give2Asia/Deshpande Foundation,"$50,000",,,,,,,,,,,,,,,,,,,,,,,
Health,Spandana Foundation,"$50,000",,,,,,,,,,,,,,,,,,,,,,,
Health,HCL Corporation,"$50,000",,,,,,,,,,,,,,,,,,,,,,,
Health,Ms Rohini Nilekani,"$10,000",,,,,,,,,,,,,,,,,,,,,,,
Health,AKM Systems Pvt. Ltd,"$10,000",,,,,,,,,,,,,,,,,,,,,,,
Health,Ranbaxy Promoter Group,"$10,000",,,,,,,,,,,,,,,,,,,,,,,
Health,Reliance Industries,"$10,000",,,,,,,,,,,,,,,,,,,,,,,
Health,GMR Projects Pvt. Ltd,"$10,000",,,,,,,,,,,,,,,,,,,,,,,
Health,GVK Power and Infrastructure Ltd,"$10,000",,,,,,,,,,,,,,,,,,,,,,,
Health,Dr.Mangal Katikineni,"$10,000",,,,,,,,,,,,,,,,,,,,,,,
Health,Dr. Anil Tulpule ,"$5,000",,,,,,,,,,,,,,,,,,,,,,,
Health,Dr. M K Mohan,"$5,000",,,,,,,,,,,,,,,,,,,,,,,
Health,Mr. Hari Bugganna,"$5,000",,,,,,,,,,,,,,,,,,,,,,,
Health, Prof M A Vijayalakshmi,"$5,000",,,,,,,,,,,,,,,,,,,,,,,
Health,NTT Data Employee Volunteering,"$1,000",,,,,,,,,,,,,,,,,,,,,,,
Health,Hexaware Technologies Ltd.,"$25,000",,,,,,,,,,,,,,,,,,,,,,,
Health,Ican India,"$25,000",,,,,,,,,,,,,,,,,,,,,,,
Health,L&T Hydrocarbon Engineering,"$25,000",,,,,,,,,,,,,,,,,,,,,,,
Health,Tata AIG General Insurance Company Limited,"$25,000",,,,,,,,,,,,,,,,,,,,,,,
Health,HCL Foundation,"$25,000",,,,,,,,,,,,,,,,,,,,,,,
Humanitarian Relief,Amazon India Private Limited,"$1,00,000",,,,,,,,,,,,,,,,,,,,,,,
Humanitarian Relief,Ashish Dhawan,"$1,00,000",,,,,,,,,,,,,,,,,,,,,,,
Humanitarian Relief,DELL,"$1,00,000",,,,,,,,,,,,,,,,,,,,,,,
Humanitarian Relief,HDFC Bank Limited,"$1,00,000",,,,,,,,,,,,,,,,,,,,,,,
Humanitarian Relief,Hindustan Gum and Chemicals Limited,"$1,00,000",,,,,,,,,,,,,,,,,,,,,,,
Humanitarian Relief,IBM India Private Limited,"$1,00,000",,,,,,,,,,,,,,,,,,,,,,,
Humanitarian Relief,Larsen & Toubro Limited,"$1,00,000",,,,,,,,,,,,,,,,,,,,,,,
Humanitarian Relief,Microsoft Corporation India Private Ltd.,"$1,00,000",,,,,,,,,,,,,,,,,,,,,,,
Humanitarian Relief,Quest Alliance,"$1,00,000",,,,,,,,,,,,,,,,,,,,,,,
Humanitarian Relief,The Hans Foundation,"$1,00,000",,,,,,,,,,,,,,,,,,,,,,,
Humanitarian Relief,Akamai Technologies,"$50,000",,,,,,,,,,,,,,,,,,,,,,,
Humanitarian Relief,Cognizant Foundation,"$50,000",,,,,,,,,,,,,,,,,,,,,,,
Humanitarian Relief,Extreme Networks India Pvt. Ltd.,"$50,000",,,,,,,,,,,,,,,,,,,,,,,
Humanitarian Relief,Franklin Templeton Asset Management (India) Pvt. Ltd.,"$50,000",,,,,,,,,,,,,,,,,,,,,,,
Humanitarian Relief,Tata Chemicals Society for Rural Development,"$50,000",,,,,,,,,,,,,,,,,,,,,,,
Humanitarian Relief,ACC Limited,"$10,000",,,,,,,,,,,,,,,,,,,,,,,
Humanitarian Relief,Akzo Nobel India Limited,"$10,000",,,,,,,,,,,,,,,,,,,,,,,
Humanitarian Relief,Arrow Electronics India Private Limited,"$10,000",,,,,,,,,,,,,,,,,,,,,,,
Humanitarian Relief,Hero Motocorp Limited,"$10,000",,,,,,,,,,,,,,,,,,,,,,,
Humanitarian Relief,The National Basketball Association,"$10,000",,,,,,,,,,,,,,,,,,,,,,,
Humanitarian Relief,SHELL Energy India Private Limited,"$10,000",,,,,,,,,,,,,,,,,,,,,,,
Humanitarian Relief,Telstra India Private Limited,"$10,000",,,,,,,,,,,,,,,,,,,,,,,
Humanitarian Relief,Goldman Sachs India Pvt. Ltd.,"$5,000",,,,,,,,,,,,,,,,,,,,,,,
Humanitarian Relief,Jindal Stainless Foundation,"$5,000",,,,,,,,,,,,,,,,,,,,,,,
Humanitarian Relief,Madurai Corporation,"$5,000",,,,,,,,,,,,,,,,,,,,,,,
Humanitarian Relief,Schoolnet India Limited,"$5,000",,,,,,,,,,,,,,,,,,,,,,,
Humanitarian Relief,NTT Data Employee Volunteering,"$1,000",,,,,,,,,,,,,,,,,,,,,,,
Humanitarian Relief,Hexaware Technologies Ltd.,"$25,000",,,,,,,,,,,,,,,,,,,,,,,
Humanitarian Relief,Ican India,"$25,000",,,,,,,,,,,,,,,,,,,,,,,
Humanitarian Relief,L&T Hydrocarbon Engineering,"$25,000",,,,,,,,,,,,,,,,,,,,,,,
Humanitarian Relief,Tata AIG General Insurance Company Limited,"$25,000",,,,,,,,,,,,,,,,,,,,,,,
Humanitarian Relief,HCL Foundation,"$25,000",,,,,,,,,,,,,,,,,,,,,,,
Humanitarian Relief,Azim Premji Philanthropic Initiatives,,,,,,,,,,,,,,,,,,,,,,,,
Humanitarian Relief,JSW Foundation,,,,,,,,,,,,,,,,,,,,,,,,
Humanitarian Relief,Wadhwani Foundation,,,,,,,,,,,,,,,,,,,,,,,,
Humanitarian Relief,Goodera,,,,,,,,,,,,,,,,,,,,,,,,
Humanitarian Relief,Omidyar Network India,,,,,,,,,,,,,,,,,,,,,,,,
Humanitarian Relief,Ramakrishna Mission,,,,,,,,,,,,,,,,,,,,,,,,
Humanitarian Relief,GMR Varalakshmi Foundation,,,,,,,,,,,,,,,,,,,,,,,,
Humanitarian Relief,SEWA International,,,,,,,,,,,,,,,,,,,,,,,,
Humanitarian Relief,CARE India,,,,,,,,,,,,,,,,,,,,,,,,
Humanitarian Relief,Cry (Child Rights and You),,,,,,,,,,,,,,,,,,,,,,,,
Humanitarian Relief,Smile Foundation,,,,,,,,,,,,,,,,,,,,,,,,
Humanitarian Relief,Oxfam India,,,,,,,,,,,,,,,,,,,,,,,,
Humanitarian Relief,Magic Bus,,,,,,,,,,,,,,,,,,,,,,,,
Humanitarian Relief,SOS Children's Villages of India,,,,,,,,,,,,,,,,,,,,,,,,
Humanitarian Relief,Akshaya Patra Foundation,,,,,,,,,,,,,,,,,,,,,,,,
Humanitarian Relief,Médecins Sans Frontières (MSF) - India,,,,,,,,,,,,,,,,,,,,,,,,
Humanitarian Relief,Bhagwan Mahaveer Viklang Sahayata Samiti (BMVSS),,,,,,,,,,,,,,,,,,,,,,,,
Arts and Culture,Sahitya Akademi,,,,,,,,,,,,,,,,,,,,,,,,
Arts and Culture,Lalit Kala Akademi,,,,,,,,,,,,,,,,,,,,,,,,
Arts and Culture,Sangeet Natak Akademi,,,,,,,,,,,,,,,,,,,,,,,,
Arts and Culture,Indian Council for Cultural Relations (ICCR),,,,,,,,,,,,,,,,,,,,,,,,
Arts and Culture,Kala Ghoda Association,,,,,,,,,,,,,,,,,,,,,,,,
Arts and Culture,Art Alive Gallery,,,,,,,,,,,,,,,,,,,,,,,,
Arts and Culture,Raja Ravi Varma Heritage Foundation,,,,,,,,,,,,,,,,,,,,,,,,
Arts and Culture,Jindal Arts Centre,,,,,,,,,,,,,,,,,,,,,,,,
Arts and Culture,Osian's Connoisseurs of Art,,,,,,,,,,,,,,,,,,,,,,,,
Arts and Culture,Crafts Council of India,,,,,,,,,,,,,,,,,,,,,,,,
Arts and Culture,India Foundation for the Arts (IFA),,,,,,,,,,,,,,,,,,,,,,,,
Arts and Culture,The Gujral Foundation,,,,,,,,,,,,,,,,,,,,,,,,
Arts and Culture,Sanskriti Foundation,,,,,,,,,,,,,,,,,,,,,,,,
Arts and Culture,Cultural Survival,,,,,,,,,,,,,,,,,,,,,,,,
Arts and Culture,Anita Ratnam's Arangham Trust,,,,,,,,,,,,,,,,,,,,,,,,
Arts and Culture,Delhi Art Gallery (DAG),,,,,,,,,,,,,,,,,,,,,,,,
Arts and Culture,"The Royal Opera House, Mumbai",,,,,,,,,,,,,,,,,,,,,,,,
Arts and Culture,Kolkata Centre for Creativity,,,,,,,,,,,,,,,,,,,,,,,,
Arts and Culture,"Dastkar
",,,,,,,,,,,,,,,,,,,,,,,,
university education,Law Foundation of BC,,,,,,,,,,,,,,,,,,,,,,,,
university education,Dr. Ken Lepin,,,,,,,,,,,,,,,,,,,,,,,,
university education,New Gold - New Afton Mine,,,,,,,,,,,,,,,,,,,,,,,,
university education,RBC & RBC Foundation,,,,,,,,,,,,,,,,,,,,,,,,
university education,Patricia & Wolfram Sellmer,,,,,,,,,,,,,,,,,,,,,,,,
university education,Andrew Sheret Ltd.,,,,,,,,,,,,,,,,,,,,,,,,
university education,ARH Healthcare Foundation,,,,,,,,,,,,,,,,,,,,,,,,
university education,Associated Ginseng Growers of BC,,,,,,,,,,,,,,,,,,,,,,,,
university education,BMO Financial Group,,,,,,,,,,,,,,,,,,,,,,,,
university education,Dr. Mark & Ellen Brown,,,,,,,,,,,,,,,,,,,,,,,,
university education,Tom LaFreniere & Donna Mellquist,,,,,,,,,,,,,,,,,,,,,,,,
university education,Drs. Roland & Anne Neave & Family,,,,,,,,,,,,,,,,,,,,,,,,
university education,Dr. Lloyd & Rae Nixon,,,,,,,,,,,,,,,,,,,,,,,,
university education,Al & Bina Patel,,,,,,,,,,,,,,,,,,,,,,,,
university education,Carl & Karen Abbott,,,,,,,,,,,,,,,,,,,,,,,,
university education,Hayley Bennett Ortner,,,,,,,,,,,,,,,,,,,,,,,,
university education,The Chrystall Family,,,,,,,,,,,,,,,,,,,,,,,,
university education,Economic Trust of the Southern Interior,,,,,,,,,,,,,,,,,,,,,,,,
university education,Ford Canada,,,,,,,,,,,,,,,,,,,,,,,,
university education,FortisBC,,,,,,,,,,,,,,,,,,,,,,,,
university education,Kamloops Sports Legacy Fund,,,,,,,,,,,,,,,,,,,,,,,,
university education,KPMG LLP & KPMG Foundation,,,,,,,,,,,,,,,,,,,,,,,,
university education,Guy Mercier & Family,,,,,,,,,,,,,,,,,,,,,,,,
university education,The Perry Family,,,,,,,,,,,,,,,,,,,,,,,,
university education,Patricia Petley,,,,,,,,,,,,,,,,,,,,,,,,
university education,Stanley Bennett & Patricia Behe,,,,,,,,,,,,,,,,,,,,,,,,
university education,Vancouver Foundation,,,,,,,,,,,,,,,,,,,,,,,,
university education,TRU Students' Union,,,,,,,,,,,,,,,,,,,,,,,,
university education,Dr. Bas & Shankaramma Gowd,,,,,,,,,,,,,,,,,,,,,,,,
university education,Bruce & Theresa Gysel,,,,,,,,,,,,,,,,,,,,,,,,
university education,Lawson Lundell LLP,,,,,,,,,,,,,,,,,,,,,,,,
Rural Development ,"KSRLM –Karnataka State Rural Livelihood Mission Department of Rural Development ,GoK	",,,,,,,,,,,,,,,,,,,,,,,,
Rural Development ,"Arghyam	",,,,,,,,,,,,,,,,,,,,,,,,
Rural Development ,"ITC Ltd	",,,,,,,,,,,,,,,,,,,,,,,,
Rural Development ,"MENZIES Bobba Pvt.Limited	",,,,,,,,,,,,,,,,,,,,,,,,
Rural Development ,"Quest Alliance	",,,,,,,,,,,,,,,,,,,,,,,,
Rural Development ,Karnataka Forest Department        ,,,,,,,,,,,,,,,,,,,,,,,,
Rural Development ,"Karnataka Evaluation Authority	",,,,,,,,,,,,,,,,,,,,,,,,
Rural Development ,"Bosch Ltd.	",,,,,,,,,,,,,,,,,,,,,,,,
Rural Development ,"Habitat for Humanity India	",,,,,,,,,,,,,,,,,,,,,,,,
Rural Development ,"SWISS AGENCY FOR DEVELOPMENT & COOPERATION(SDC)	",,,,,,,,,,,,,,,,,,,,,,,,
Rural Development ,"German Agro Action	",,,,,,,,,,,,,,,,,,,,,,,,
Rural Development ,"FORD FOUNDATION	",,,,,,,,,,,,,,,,,,,,,,,,
Rural Development ,"MISEREOR	",,,,,,,,,,,,,,,,,,,,,,,,
Rural Development ,"KFO	",,,,,,,,,,,,,,,,,,,,,,,,
Rural Development ,"SCIAF	",,,,,,,,,,,,,,,,,,,,,,,,
Rural Development ,"SERI – 2000	",,,,,,,,,,,,,,,,,,,,,,,,
Rural Development ,"SWASHAKTI	",,,,,,,,,,,,,,,,,,,,,,,,
Rural Development ,"JSYS	",,,,,,,,,,,,,,,,,,,,,,,,
Rural Development ,NABARD,,,,,,,,,,,,,,,,,,,,,,,,
Rural Development ,"DDP	",,,,,,,,,,,,,,,,,,,,,,,,
Rural Development ,"CAPART	",,,,,,,,,,,,,,,,,,,,,,,,
Rural Development ,DPAP,,,,,,,,,,,,,,,,,,,,,,,,
Rural Development ,RGF,,,,,,,,,,,,,,,,,,,,,,,,
Rural Development ,"ITDA	",,,,,,,,,,,,,,,,,,,,,,,,
Rural Development ,"Upper Krishna River Rehabilitation Project	",,,,,,,,,,,,,,,,,,,,,,,,
Rural Development ,"Deshpande Foundation	",,,,,,,,,,,,,,,,,,,,,,,,
Rural Development ,"ICAR/NAIP	",,,,,,,,,,,,,,,,,,,,,,,,
Rural Development ,"Tamil Nadu Women's development Corporation / IFAD Department of Sericulture	",,,,,,,,,,,,,,,,,,,,,,,,
Rural Development ,"Karnataka Forest Department, GOK	",,,,,,,,,,,,,,,,,,,,,,,,
Rural Development ,PRAXIS,,,,,,,,,,,,,,,,,,,,,,,,
Water  Sanitation,Asian Development Bank (ADB),,,,,,,,,,,,,,,,,,,,,,,,
Water  Sanitation,East Asian-Australasian Flyway Secretariat,,,,,,,,,,,,,,,,,,,,,,,,
Water  Sanitation,"European Commission
",,,,,,,,,,,,,,,,,,,,,,,,
Water  Sanitation,"International Investment Bank
",,,,,,,,,,,,,,,,,,,,,,,,
Water  Sanitation,"Japanese Ramsar Committee for Relevant Municipalities
",,,,,,,,,,,,,,,,,,,,,,,,
Water  Sanitation,"Roundtable on Sustainable Palm Oil (RSPO)
",,,,,,,,,,,,,,,,,,,,,,,,
Water  Sanitation,"Roundtable on Sustainable Palm Oil (RSPO)
",,,,,,,,,,,,,,,,,,,,,,,,
Water  Sanitation,"Roundtable on Sustainable Palm Oil (RSPO)
",,,,,,,,,,,,,,,,,,,,,,,,
Water  Sanitation,Canada Global Affairs,,,,,,,,,,,,,,,,,,,,,,,,
Water  Sanitation,Canadian Embassy,,,,,,,,,,,,,,,,,,,,,,,,
Water  Sanitation,Canadian Wildlife Service,,,,,,,,,,,,,,,,,,,,,,,,
Water  Sanitation,China State Forestry Administration (SFA),,,,,,,,,,,,,,,,,,,,,,,,
Water  Sanitation,German Corporation for International Cooperation GmbH (GIZ),,,,,,,,,,,,,,,,,,,,,,,,
Water  Sanitation,Japan Fund for Global Environment (JFGE),,,,,,,,,,,,,,,,,,,,,,,,
Water  Sanitation,Japan Ministry of the Environment,,,,,,,,,,,,,,,,,,,,,,,,
Water  Sanitation,"Netherlands Enterprise Agency (RVO), Sustainable Water Fund (FDW)",,,,,,,,,,,,,,,,,,,,,,,,
Water  Sanitation,Netherlands Ministry of Foreign Affairs (DGIS),,,,,,,,,,,,,,,,,,,,,,,,
Water  Sanitation,Netherlands Fonds Duurzaam Water,,,,,,,,,,,,,,,,,,,,,,,,
Water  Sanitation,Netherlands Embassy in Mali,,,,,,,,,,,,,,,,,,,,,,,,
Water  Sanitation,Norwegian Environment Agency,,,,,,,,,,,,,,,,,,,,,,,,
Water  Sanitation,United States Agency for International Development (USAID),,,,,,,,,,,,,,,,,,,,,,,,
Water  Sanitation,Avendus Group,,,,,,,,,,,,,,,,,,,,,,,,
Water  Sanitation,Avina Coca-Cola,,,,,,,,,,,,,,,,,,,,,,,,
Water  Sanitation,Danone,,,,,,,,,,,,,,,,,,,,,,,,
Water  Sanitation,Dutch Postcode Lottery (Nationale Postcode Loterij),,,,,,,,,,,,,,,,,,,,,,,,
Water  Sanitation,Keidanren Nature Conservation Fund (KNCF),,,,,,,,,,,,,,,,,,,,,,,,
Water  Sanitation,National Geographic Society,,,,,,,,,,,,,,,,,,,,,,,,
Water  Sanitation,One Architecture,,,,,,,,,,,,,,,,,,,,,,,,
Water  Sanitation,Permian Global,,,,,,,,,,,,,,,,,,,,,,,,
Water  Sanitation,Total Uganda,,,,,,,,,,,,,,,,,,,,,,,,
Water  Sanitation,Arcadia – a charitable fund of Lisbet Rausing and Peter Baldwin,,,,,,,,,,,,,,,,,,,,,,,,
Water  Sanitation,AVINA Americas,,,,,,,,,,,,,,,,,,,,,,,,
Water  Sanitation,Climate and Land Use Alliance,,,,,,,,,,,,,,,,,,,,,,,,
Water  Sanitation,DOB Ecology,,,,,,,,,,,,,,,,,,,,,,,,
Water  Sanitation,"Fundacion Vida Silvestre Argentina, FVSA – Coca Cola",,,,,,,,,,,,,,,,,,,,,,,,
Water  Sanitation,Mava Foundation,,,,,,,,,,,,,,,,,,,,,,,,
Water  Sanitation,Michael Otto Stiftung,,,,,,,,,,,,,,,,,,,,,,,,
Water  Sanitation,RHP Foundation,,,,,,,,,,,,,,,,,,,,,,,,
Water  Sanitation,Stichting Otter Fonds,,,,,,,,,,,,,,,,,,,,,,,,
Water  Sanitation,Turing Foundation,,,,,,,,,,,,,,,,,,,,,,,,